Feature,Importance
Time,0.21457534036309633
Polymer_MW,0.0669464544410015
DLC,0.026974957806324293
SA-V,0.020943007035636948
Initial D/M ratio,0.020564891685441396
Drug_TPSA,0.01739472002279315
Drug_Mw,0.013779277726014968
Drug_Pka,0.008613221614687167
Drug_Tm,0.00816137904092071
Degradation_Rate,0.007836254321761426
Drug_LogP,0.0028583536904368614
Polymer_Drug_Compatibility,0.0003671360597319619
Drug_NHA,4.322331648055786e-05
Polymer_Hydrophobicity,0.0
Polymer_Tg,0.0
