Feature,Importance
Time,0.20431387245406044
Drug_Mw,0.10413627856335017
SA-V,0.05282216188203417
DLC,0.03185442172110595
Polymer_MW,0.02799071458001863
Drug_TPSA,0.026246852301946736
Initial D/M ratio,0.013244350578625693
Drug_Pka,0.009465927871820184
Drug_Tm,0.009102236195920165
Degradation_Rate,0.0088290004782533
Polymer_Drug_Compatibility,0.008265349739127235
Drug_LogP,0.004569071339937249
Drug_NHA,0.0008801844302035824
Polymer_Hydrophobicity,0.0
Polymer_Tg,0.0
